<?xml version='1.0' encoding='UTF-8'?>  
<!DOCTYPE hibernate-mapping PUBLIC  
          "-//Hibernate/Hibernate Mapping DTD 5.3//EN"  
          "http://hibernate.sourceforge.net/hibernate-mapping-5.3.dtd">  
  
          <hibernate-mapping>  
          <class name="com.javatpoint.Question" table="q501">  
          <id name="id">  
          <generator class="increment"></generator>  
          </id>  
          <property name="qname"></property>  
            
          <list name="answers" cascade="all">  
          <key column="qid"></key>  
          <index column="type"></index>  
          <one-to-many class="com.javatpoint.Answer"/>  
          </list>  
            
          </class>  
            
          <class name="com.javatpoint.Answer" table="ans501">  
          <id name="id">  
          <generator class="increment"></generator>  
          </id>  
          <property name="answername"></property>  
          <property name="postedBy"></property>  
          </class>  
            
          </hibernate-mapping>  