<?xml version='1.0' encoding='UTF-8'?>  
<!DOCTYPE hibernate-mapping PUBLIC  
          "-//Hibernate/Hibernate Mapping DTD 5.3//EN"  
          "http://hibernate.sourceforge.net/hibernate-mapping-5.3.dtd">  
  
          <hibernate-mapping>  
          <class name="com.javatpoint.Employee" table="emp292">  
          <id name="employeeId">  
          <generator class="increment"></generator>  
          </id>  
          <property name="name"></property>  
          <property name="email"></property>  
            
          <many-to-one name="address" cascade="all"></many-to-one>  
          </class>  
            
          </hibernate-mapping>  