<?xml version='1.0' encoding='UTF-8'?>  
<!DOCTYPE hibernate-mapping PUBLIC  
          "-//Hibernate/Hibernate Mapping DTD 5.3//EN"  
          "http://hibernate.sourceforge.net/hibernate-mapping-5.3.dtd">  
            
<hibernate-mapping>  
<class name="com.javatpoint.Answer" table="ans1911">
		<id name="id" type="int">
			<column name="ans_id" />
			<generator class="increment" />
		</id>
		<property name="answername"  />
		<property name="postedBy" />
	</class>
</hibernate-mapping>