<?xml version='1.0' encoding='UTF-8'?>  
<!DOCTYPE hibernate-mapping PUBLIC  
          "-//Hibernate/Hibernate Mapping DTD 5.3//EN"  
          "http://hibernate.sourceforge.net/hibernate-mapping-5.3.dtd">  
            
<hibernate-mapping>  

  <class name="com.javatpoint.Question" table="ques1911">
		<id name="id" type="int">
			<column name="q_id" />
			<generator class="increment" />
		</id>
		<property name="qname" />

		<list name="answers" table="ques_ans1911" fetch="select" cascade="all">
			<key column="q_id" />
			   <index column="type"></index> 
			<many-to-many class="com.javatpoint.Answer" column="ans_id" />
		</list>
	</class> 
</hibernate-mapping>            